Auto-update on Fri May 16 01:35:07 UTC 2025
Auto-update on Sat May 17 03:26:47 UTC 2025
Auto-update on Sun May 18 03:34:41 UTC 2025
Auto-update on Mon May 19 03:37:15 UTC 2025
Auto-update on Tue May 20 03:31:30 UTC 2025
Auto-update on Wed May 21 03:30:54 UTC 2025
Auto-update on Thu May 22 03:31:15 UTC 2025
Auto-update on Fri May 23 03:31:00 UTC 2025
Auto-update on Sat May 24 03:16:03 UTC 2025
Auto-update on Sun May 25 03:37:24 UTC 2025
Auto-update on Mon May 26 03:35:21 UTC 2025
Auto-update on Tue May 27 03:30:54 UTC 2025
Auto-update on Wed May 28 03:32:30 UTC 2025
Auto-update on Thu May 29 03:33:39 UTC 2025
Auto-update on Fri May 30 03:31:50 UTC 2025
Auto-update on Sat May 31 03:29:44 UTC 2025
Auto-update on Sun Jun  1 03:52:24 UTC 2025
Auto-update on Mon Jun  2 03:41:40 UTC 2025
Auto-update on Tue Jun  3 03:35:48 UTC 2025
Auto-update on Wed Jun  4 03:36:19 UTC 2025
Auto-update on Thu Jun  5 03:36:58 UTC 2025
Auto-update on Fri Jun  6 03:36:12 UTC 2025
Auto-update on Sat Jun  7 03:32:31 UTC 2025
Auto-update on Sun Jun  8 03:41:55 UTC 2025
Auto-update on Mon Jun  9 03:42:03 UTC 2025
Auto-update on Tue Jun 10 03:37:57 UTC 2025
Auto-update on Wed Jun 11 03:37:27 UTC 2025
Auto-update on Thu Jun 12 03:36:38 UTC 2025
Auto-update on Fri Jun 13 03:37:42 UTC 2025
Auto-update on Sat Jun 14 03:32:03 UTC 2025
Auto-update on Sun Jun 15 03:42:09 UTC 2025
Auto-update on Mon Jun 16 02:00:24 UTC 2025
Auto-update on Tue Jun 17 01:57:11 UTC 2025
Auto-update on Wed Jun 18 01:56:22 UTC 2025
Auto-update on Thu Jun 19 01:57:05 UTC 2025
Auto-update on Fri Jun 20 01:56:15 UTC 2025
Auto-update on Sat Jun 21 01:54:11 UTC 2025
Auto-update on Sun Jun 22 02:05:39 UTC 2025
Auto-update on Mon Jun 23 02:04:09 UTC 2025
Auto-update on Tue Jun 24 01:57:51 UTC 2025
Auto-update on Wed Jun 25 01:57:57 UTC 2025
Auto-update on Thu Jun 26 01:56:52 UTC 2025
Auto-update on Fri Jun 27 01:58:02 UTC 2025
Auto-update on Sat Jun 28 01:53:41 UTC 2025
Auto-update on Sun Jun 29 02:08:06 UTC 2025
Auto-update on Mon Jun 30 02:03:02 UTC 2025
Auto-update on Tue Jul  1 02:08:51 UTC 2025
Auto-update on Wed Jul  2 01:57:32 UTC 2025
Auto-update on Thu Jul  3 01:57:44 UTC 2025
Auto-update on Fri Jul  4 01:57:23 UTC 2025
Auto-update on Sat Jul  5 01:53:26 UTC 2025
Auto-update on Sun Jul  6 02:06:27 UTC 2025
Auto-update on Mon Jul  7 02:03:31 UTC 2025
Auto-update on Tue Jul  8 01:58:27 UTC 2025
Auto-update on Wed Jul  9 01:59:49 UTC 2025
Auto-update on Thu Jul 10 01:59:46 UTC 2025
Auto-update on Fri Jul 11 02:02:33 UTC 2025
Auto-update on Sat Jul 12 02:03:22 UTC 2025
Auto-update on Sun Jul 13 02:11:38 UTC 2025
Auto-update on Mon Jul 14 02:06:54 UTC 2025
Auto-update on Tue Jul 15 02:06:39 UTC 2025
Auto-update on Wed Jul 16 02:03:38 UTC 2025
Auto-update on Thu Jul 17 02:04:00 UTC 2025
Auto-update on Fri Jul 18 02:05:34 UTC 2025
Auto-update on Sat Jul 19 01:59:41 UTC 2025
Auto-update on Sun Jul 20 02:19:22 UTC 2025
Auto-update on Mon Jul 21 02:10:26 UTC 2025
Auto-update on Tue Jul 22 02:04:49 UTC 2025
Auto-update on Wed Jul 23 02:05:39 UTC 2025
Auto-update on Thu Jul 24 02:04:37 UTC 2025
Auto-update on Fri Jul 25 02:04:30 UTC 2025
Auto-update on Sat Jul 26 02:00:47 UTC 2025
Auto-update on Sun Jul 27 02:20:20 UTC 2025
Auto-update on Mon Jul 28 02:11:19 UTC 2025
Auto-update on Tue Jul 29 02:22:29 UTC 2025
Auto-update on Wed Jul 30 02:07:25 UTC 2025
Auto-update on Thu Jul 31 02:07:10 UTC 2025
Auto-update on Fri Aug  1 02:24:01 UTC 2025
Auto-update on Sat Aug  2 02:01:38 UTC 2025
Auto-update on Sun Aug  3 02:22:29 UTC 2025
Auto-update on Mon Aug  4 02:22:07 UTC 2025
Auto-update on Tue Aug  5 02:10:06 UTC 2025
Auto-update on Wed Aug  6 02:08:16 UTC 2025
Auto-update on Thu Aug  7 02:08:40 UTC 2025
Auto-update on Fri Aug  8 02:08:05 UTC 2025
Auto-update on Sat Aug  9 01:57:03 UTC 2025
Auto-update on Sun Aug 10 02:12:30 UTC 2025
Auto-update on Mon Aug 11 02:08:22 UTC 2025
Auto-update on Tue Aug 12 01:56:14 UTC 2025
Auto-update on Wed Aug 13 01:58:27 UTC 2025
Auto-update on Thu Aug 14 01:58:40 UTC 2025
Auto-update on Fri Aug 15 01:59:26 UTC 2025
Auto-update on Sat Aug 16 01:53:47 UTC 2025
Auto-update on Sun Aug 17 02:05:08 UTC 2025
Auto-update on Mon Aug 18 02:05:50 UTC 2025
Auto-update on Tue Aug 19 01:52:59 UTC 2025
Auto-update on Wed Aug 20 01:51:03 UTC 2025
Auto-update on Thu Aug 21 01:49:35 UTC 2025
Auto-update on Fri Aug 22 01:50:21 UTC 2025
Auto-update on Sat Aug 23 01:46:34 UTC 2025
Auto-update on Sun Aug 24 02:00:47 UTC 2025
Auto-update on Mon Aug 25 01:55:09 UTC 2025
Auto-update on Tue Aug 26 01:51:27 UTC 2025
Auto-update on Wed Aug 27 01:47:56 UTC 2025
Auto-update on Thu Aug 28 01:47:12 UTC 2025
Auto-update on Fri Aug 29 01:46:59 UTC 2025
Auto-update on Sat Aug 30 01:41:48 UTC 2025
Auto-update on Sun Aug 31 01:52:15 UTC 2025
Auto-update on Mon Sep  1 02:02:19 UTC 2025
Auto-update on Tue Sep  2 01:48:54 UTC 2025
Auto-update on Wed Sep  3 01:41:40 UTC 2025
Auto-update on Thu Sep  4 01:42:05 UTC 2025
Auto-update on Fri Sep  5 01:44:29 UTC 2025
Auto-update on Sat Sep  6 01:41:23 UTC 2025
Auto-update on Sun Sep  7 01:49:56 UTC 2025
Auto-update on Mon Sep  8 01:49:40 UTC 2025
Auto-update on Tue Sep  9 01:46:11 UTC 2025
Auto-update on Wed Sep 10 01:42:40 UTC 2025
Auto-update on Thu Sep 11 01:45:30 UTC 2025
Auto-update on Fri Sep 12 01:41:18 UTC 2025
Auto-update on Sat Sep 13 01:37:02 UTC 2025
Auto-update on Sun Sep 14 01:49:21 UTC 2025
Auto-update on Mon Sep 15 01:51:06 UTC 2025
Auto-update on Tue Sep 16 01:42:21 UTC 2025
Auto-update on Wed Sep 17 01:42:21 UTC 2025
Auto-update on Thu Sep 18 01:42:24 UTC 2025
Auto-update on Fri Sep 19 01:45:36 UTC 2025
Auto-update on Sat Sep 20 01:40:37 UTC 2025
Auto-update on Sun Sep 21 01:52:39 UTC 2025
Auto-update on Mon Sep 22 01:52:52 UTC 2025
Auto-update on Tue Sep 23 01:43:13 UTC 2025
Auto-update on Wed Sep 24 01:44:39 UTC 2025
Auto-update on Thu Sep 25 01:45:12 UTC 2025
Auto-update on Fri Sep 26 01:44:28 UTC 2025
Auto-update on Sat Sep 27 01:40:07 UTC 2025
Auto-update on Sun Sep 28 01:53:26 UTC 2025
Auto-update on Mon Sep 29 01:47:33 UTC 2025
Auto-update on Tue Sep 30 01:42:34 UTC 2025
Auto-update on Wed Oct  1 01:54:45 UTC 2025
Auto-update on Thu Oct  2 01:42:41 UTC 2025
Auto-update on Fri Oct  3 01:42:27 UTC 2025
Auto-update on Sat Oct  4 01:38:59 UTC 2025
Auto-update on Sun Oct  5 01:52:33 UTC 2025
Auto-update on Mon Oct  6 01:45:57 UTC 2025
Auto-update on Tue Oct  7 01:43:14 UTC 2025
Auto-update on Wed Oct  8 01:43:42 UTC 2025
Auto-update on Thu Oct  9 01:44:31 UTC 2025
Auto-update on Fri Oct 10 01:45:05 UTC 2025
Auto-update on Sat Oct 11 01:40:38 UTC 2025
Auto-update on Sun Oct 12 01:48:25 UTC 2025
Auto-update on Mon Oct 13 01:51:52 UTC 2025
Auto-update on Tue Oct 14 01:45:26 UTC 2025
Auto-update on Wed Oct 15 01:48:06 UTC 2025
Auto-update on Thu Oct 16 01:47:02 UTC 2025
Auto-update on Fri Oct 17 01:46:07 UTC 2025
Auto-update on Sat Oct 18 01:41:06 UTC 2025
Auto-update on Sun Oct 19 01:57:44 UTC 2025
Auto-update on Mon Oct 20 01:55:01 UTC 2025
Auto-update on Tue Oct 21 01:48:56 UTC 2025
Auto-update on Wed Oct 22 01:52:16 UTC 2025
Auto-update on Thu Oct 23 01:47:44 UTC 2025
Auto-update on Fri Oct 24 01:43:45 UTC 2025
Auto-update on Sat Oct 25 01:45:30 UTC 2025
Auto-update on Sun Oct 26 01:54:05 UTC 2025
Auto-update on Mon Oct 27 01:58:09 UTC 2025
Auto-update on Tue Oct 28 01:47:54 UTC 2025
Auto-update on Wed Oct 29 01:54:47 UTC 2025
Auto-update on Thu Oct 30 01:54:16 UTC 2025
Auto-update on Fri Oct 31 01:51:03 UTC 2025
Auto-update on Sat Nov  1 01:54:29 UTC 2025
Auto-update on Sun Nov  2 01:56:55 UTC 2025
Auto-update on Mon Nov  3 01:56:07 UTC 2025
Auto-update on Tue Nov  4 01:51:40 UTC 2025
Auto-update on Wed Nov  5 01:52:51 UTC 2025
Auto-update on Thu Nov  6 01:52:56 UTC 2025
Auto-update on Fri Nov  7 01:51:45 UTC 2025
Auto-update on Sat Nov  8 01:45:45 UTC 2025
Auto-update on Sun Nov  9 01:55:52 UTC 2025
Auto-update on Mon Nov 10 01:57:16 UTC 2025
Auto-update on Tue Nov 11 01:53:36 UTC 2025
Auto-update on Wed Nov 12 01:52:58 UTC 2025
Auto-update on Thu Nov 13 01:54:27 UTC 2025
Auto-update on Fri Nov 14 01:53:29 UTC 2025
Auto-update on Sat Nov 15 01:49:16 UTC 2025
Auto-update on Sun Nov 16 01:58:55 UTC 2025
Auto-update on Mon Nov 17 01:54:30 UTC 2025
Auto-update on Tue Nov 18 01:52:51 UTC 2025
Auto-update on Wed Nov 19 01:52:37 UTC 2025
Auto-update on Thu Nov 20 01:51:02 UTC 2025
Auto-update on Fri Nov 21 01:52:04 UTC 2025
Auto-update on Sat Nov 22 01:48:03 UTC 2025
Auto-update on Sun Nov 23 02:06:14 UTC 2025
Auto-update on Mon Nov 24 02:00:34 UTC 2025
Auto-update on Tue Nov 25 01:54:02 UTC 2025
Auto-update on Wed Nov 26 01:53:58 UTC 2025
Auto-update on Thu Nov 27 01:51:50 UTC 2025
Auto-update on Fri Nov 28 01:51:41 UTC 2025
Auto-update on Sat Nov 29 01:51:23 UTC 2025
Auto-update on Sun Nov 30 02:05:16 UTC 2025
Auto-update on Mon Dec  1 02:18:50 UTC 2025
Auto-update on Tue Dec  2 01:56:18 UTC 2025
Auto-update on Wed Dec  3 01:55:39 UTC 2025
Auto-update on Thu Dec  4 01:56:47 UTC 2025
Auto-update on Fri Dec  5 01:57:06 UTC 2025
Auto-update on Sat Dec  6 01:50:32 UTC 2025
Auto-update on Sun Dec  7 02:05:53 UTC 2025
Auto-update on Mon Dec  8 01:57:49 UTC 2025
Auto-update on Tue Dec  9 01:56:52 UTC 2025
Auto-update on Wed Dec 10 01:58:46 UTC 2025
Auto-update on Thu Dec 11 02:00:33 UTC 2025
Auto-update on Fri Dec 12 01:59:37 UTC 2025
Auto-update on Sat Dec 13 01:53:41 UTC 2025
Auto-update on Sun Dec 14 02:06:14 UTC 2025
Auto-update on Mon Dec 15 02:04:02 UTC 2025
Auto-update on Tue Dec 16 02:00:26 UTC 2025
Auto-update on Wed Dec 17 01:55:49 UTC 2025
Auto-update on Thu Dec 18 01:56:20 UTC 2025
Auto-update on Fri Dec 19 01:59:30 UTC 2025
Auto-update on Sat Dec 20 01:53:22 UTC 2025
Auto-update on Sun Dec 21 02:06:19 UTC 2025
Auto-update on Mon Dec 22 02:05:29 UTC 2025
Auto-update on Tue Dec 23 02:00:51 UTC 2025
Auto-update on Wed Dec 24 01:58:49 UTC 2025
Auto-update on Thu Dec 25 02:01:03 UTC 2025
Auto-update on Fri Dec 26 02:00:07 UTC 2025
Auto-update on Sat Dec 27 01:57:58 UTC 2025
Auto-update on Sun Dec 28 02:11:55 UTC 2025
Auto-update on Mon Dec 29 02:10:03 UTC 2025
Auto-update on Tue Dec 30 02:01:44 UTC 2025
Auto-update on Wed Dec 31 02:02:01 UTC 2025
Auto-update on Thu Jan  1 02:12:30 UTC 2026
Auto-update on Fri Jan  2 02:03:41 UTC 2026
Auto-update on Sat Jan  3 01:56:58 UTC 2026
Auto-update on Sun Jan  4 02:20:08 UTC 2026
Auto-update on Mon Jan  5 02:19:40 UTC 2026
Auto-update on Tue Jan  6 02:03:30 UTC 2026
Auto-update on Wed Jan  7 02:03:19 UTC 2026
Auto-update on Thu Jan  8 02:03:32 UTC 2026
Auto-update on Fri Jan  9 02:04:39 UTC 2026
Auto-update on Sat Jan 10 02:00:37 UTC 2026
Auto-update on Sun Jan 11 02:19:46 UTC 2026
Auto-update on Mon Jan 12 02:09:41 UTC 2026
Auto-update on Tue Jan 13 02:00:54 UTC 2026
Auto-update on Wed Jan 14 02:08:22 UTC 2026
Auto-update on Thu Jan 15 02:03:01 UTC 2026
